<?xml version="1.0" encoding="utf-8" ?>
<dwsync>
<file name="datos.php" server="ftp.enthalpy.mx/eventos/gumpy/" local="130534546278478743" remote="130534726200000000" Dst="2" />
<file name="func_form.php" server="ftp.enthalpy.mx/eventos/gumpy/" local="130534546363535909" remote="130534726200000000" Dst="2" />
<file name="funciones.php" server="ftp.enthalpy.mx/eventos/gumpy/" local="130525298328518256" remote="130525475400000000" Dst="2" />
<file name="login.php" server="ftp.enthalpy.mx/eventos/gumpy/" local="130525475400000000" remote="130525475400000000" Dst="2" />
<file name="botones_form.php" server="ftp.enthalpy.mx/eventos/gumpy/" local="130530226378708189" remote="130530406800000000" Dst="2" />
<file name="pivotes.php" server="ftp.enthalpy.mx/gumpy/" local="130577103910400495" remote="130577361000000000" Dst="2" />
<file name="s_usuarios_permisos.php" server="ftp.enthalpy.mx/gumpy/" local="130577106070620991" remote="130577361000000000" Dst="2" />
<file name="datos.php" server="ftp.enthalpy.mx/gumpy/" local="130534546278478743" remote="130577361000000000" Dst="2" />
<file name="funciones.php" server="ftp.enthalpy.mx/gumpy/" local="130576867432806499" remote="130577361600000000" Dst="2" />
<file name="func_form.php" server="ftp.enthalpy.mx/gumpy/" local="130576867653564732" remote="130577361600000000" Dst="2" />
<file name="busca_usuarios.php" server="ftp.enthalpy.mx/gumpy/" local="130540637925383290" remote="130577362800000000" Dst="2" />
<file name="permisos.php" server="ftp.enthalpy.mx/gumpy/" local="130577185753573417" remote="130577367600000000" Dst="2" />
<file name="botones_form.php" server="ftp.enthalpy.mx/gumpy/" local="130576867598988059" remote="130577367600000000" Dst="2" />
<file name="almacen_salida_pdf.php" server="ftp.enthalpy.mx/gumpy/" local="130576867653804872" remote="130578789600000000" Dst="2" />
<file name="busca_articulos.php" server="ftp.enthalpy.mx/gumpy/" local="130576867443803867" remote="130578789600000000" Dst="2" />
<file name="busca_clientes.php" server="ftp.enthalpy.mx/gumpy/" local="130576867449077404" remote="130578789600000000" Dst="2" />
<file name="busca_cotizacion.php" server="ftp.enthalpy.mx/gumpy/" local="130576867307582397" remote="130578789600000000" Dst="2" />
<file name="busca_evento.php" server="ftp.enthalpy.mx/gumpy/" local="130576867493887499" remote="130578789600000000" Dst="2" />
<file name="busca_familias.php" server="ftp.enthalpy.mx/gumpy/" local="130576867663461353" remote="130578789600000000" Dst="2" />
<file name="busca_proveedores.php" server="ftp.enthalpy.mx/gumpy/" local="130576867430204732" remote="130578789600000000" Dst="2" />
<file name="busca_salones.php" server="ftp.enthalpy.mx/gumpy/" local="130576867387866300" remote="130578789600000000" Dst="2" />
<file name="busca_subfamilias.php" server="ftp.enthalpy.mx/gumpy/" local="130576867424110637" remote="130578789600000000" Dst="2" />
<file name="busca_tipo_evento.php" server="ftp.enthalpy.mx/gumpy/" local="130576867491275742" remote="130578789600000000" Dst="2" />
<file name="campos.php" server="ftp.enthalpy.mx/gumpy/" local="130576867444634434" remote="130578789600000000" Dst="2" />
<file name="cotizacion_pdf.php" server="ftp.enthalpy.mx/gumpy/" local="130576867496349145" remote="130578789600000000" Dst="2" />
<file name="channel.php" server="ftp.enthalpy.mx/gumpy/" local="130576867291201422" remote="130578789600000000" Dst="2" />
<file name="datosusuario.php" server="ftp.enthalpy.mx/gumpy/" local="130576867465418393" remote="130578789600000000" Dst="2" />
<file name="elimina_articulo.php" server="ftp.enthalpy.mx/gumpy/" local="130576867670496080" remote="130578789600000000" Dst="2" />
<file name="formas.php" server="ftp.enthalpy.mx/gumpy/" local="130576867465048148" remote="130578789600000000" Dst="2" />
<file name="error_log" server="ftp.enthalpy.mx/gumpy/" local="130576867513020346" remote="130578789600000000" Dst="2" />
<file name="funcBD.php" server="ftp.enthalpy.mx/gumpy/" local="130576867298046011" remote="130578789600000000" Dst="2" />
<file name="func_guardar.php" server="ftp.enthalpy.mx/gumpy/" local="130576867668204558" remote="130578789600000000" Dst="2" />
<file name="func_rest.php" server="ftp.enthalpy.mx/gumpy/" local="130576867656046371" remote="130578789600000000" Dst="2" />
<file name="generar_form.php" server="ftp.enthalpy.mx/gumpy/" local="130576867471472448" remote="130578789600000000" Dst="2" />
<file name="getpdf.php" server="ftp.enthalpy.mx/gumpy/" local="130576867417206028" remote="130578789600000000" Dst="2" />
<file name="get_art_almacen.php" server="ftp.enthalpy.mx/gumpy/" local="130576867491635977" remote="130578789600000000" Dst="2" />
<file name="get_items_cot.php" server="ftp.enthalpy.mx/gumpy/" local="130576867500341843" remote="130578789600000000" Dst="2" />
<file name="get_items_eve.php" server="ftp.enthalpy.mx/gumpy/" local="130576867656276556" remote="130578789600000000" Dst="2" />
<file name="guarda_articulo_cot.php" server="ftp.enthalpy.mx/gumpy/" local="130576867486342433" remote="130578789600000000" Dst="2" />
<file name="guarda_art_eve.php" server="ftp.enthalpy.mx/gumpy/" local="130576867489274391" remote="130578789600000000" Dst="2" />
<file name="s_check_inv_compra.php" server="ftp.enthalpy.mx/gumpy/" local="130576867651133102" remote="130578789600000000" Dst="2" />
<file name="imprimeCompra.php" server="ftp.enthalpy.mx/gumpy/" local="130576867290260776" remote="130578789600000000" Dst="2" />
<file name="login.php" server="ftp.enthalpy.mx/gumpy/" local="130576867643537999" remote="130578789600000000" Dst="2" />
<file name="logout.php" server="ftp.enthalpy.mx/gumpy/" local="130576867457362974" remote="130578789600000000" Dst="2" />
<file name="nota_venta_pdf.php" server="ftp.enthalpy.mx/gumpy/" local="130576867472643231" remote="130578789600000000" Dst="2" />
<file name="ocupa_user.php" server="ftp.enthalpy.mx/gumpy/" local="130578711610828853" remote="130578928200000000" Dst="2" />
<file name="pdf.php" server="ftp.enthalpy.mx/gumpy/" local="130576867446425654" remote="130578789600000000" Dst="2" />
<file name="pdfcotiza.php" server="ftp.enthalpy.mx/gumpy/" local="130576867421458894" remote="130578789600000000" Dst="2" />
<file name="quita_art_eve.php" server="ftp.enthalpy.mx/gumpy/" local="130576867525808926" remote="130578789600000000" Dst="2" />
<file name="rest_mun.php" server="ftp.enthalpy.mx/gumpy/" local="130576867665752888" remote="130578789600000000" Dst="2" />
<file name="s_agregar_art_paq.php" server="ftp.enthalpy.mx/gumpy/" local="130576867427192727" remote="130578789600000000" Dst="2" />
<file name="scripts.rar" server="ftp.enthalpy.mx/gumpy/" local="130576867312915975" remote="130578789600000000" Dst="2" />
<file name="s_alta_inv.php" server="ftp.enthalpy.mx/gumpy/" local="130576867282755723" remote="130578789600000000" Dst="2" />
<file name="s_autorizar.php" server="ftp.enthalpy.mx/gumpy/" local="130576867646299826" remote="130578789600000000" Dst="2" />
<file name="s_autorizar_evento.php" server="ftp.enthalpy.mx/gumpy/" local="130576867484301055" remote="130578789600000000" Dst="2" />
<file name="s_baja_inv.php" server="ftp.enthalpy.mx/gumpy/" local="130576867392589472" remote="130578789600000000" Dst="2" />
<file name="s_busca_art_get.php" server="ftp.enthalpy.mx/gumpy/" local="130576867390257910" remote="130578789600000000" Dst="2" />
<file name="s_cancelar_cot.php" server="ftp.enthalpy.mx/gumpy/" local="130576867451489047" remote="130578789600000000" Dst="2" />
<file name="s_cancelar_orden.php" server="ftp.enthalpy.mx/gumpy/" local="130576867293182766" remote="130578789600000000" Dst="2" />
<file name="s_busca_paq_get.php" server="ftp.enthalpy.mx/gumpy/" local="130576867281054595" remote="130578789600000000" Dst="2" />
<file name="s_check_inv.php" server="ftp.enthalpy.mx/gumpy/" local="130576867438140057" remote="130578789600000000" Dst="2" />
<file name="s_check_total.php" server="ftp.enthalpy.mx/gumpy/" local="130576867280244040" remote="130578789600000000" Dst="2" />
<file name="s_check_total_eve.php" server="ftp.enthalpy.mx/gumpy/" local="130576867513420621" remote="130578789600000000" Dst="2" />
<file name="s_cotizaciones.php" server="ftp.enthalpy.mx/gumpy/" local="130576867462696573" remote="130578789600000000" Dst="2" />
<file name="s_datos_contacto.php" server="ftp.enthalpy.mx/gumpy/" local="130576867411151959" remote="130578789600000000" Dst="2" />
<file name="s_datos_fiscal.php" server="ftp.enthalpy.mx/gumpy/" local="130576867661219848" remote="130578789600000000" Dst="2" />
<file name="s_dias_calendario.php" server="ftp.enthalpy.mx/gumpy/" local="130576867658888292" remote="130578789600000000" Dst="2" />
<file name="s_get_articulo.php" server="ftp.enthalpy.mx/gumpy/" local="130576867502993606" remote="130578789600000000" Dst="2" />
<file name="s_get_art_paq.php" server="ftp.enthalpy.mx/gumpy/" local="130576867608614522" remote="130578789600000000" Dst="2" />
<file name="s_guardar_form.php" server="ftp.enthalpy.mx/gumpy/" local="130578745681055642" remote="130578928200000000" Dst="2" />
<file name="s_historial_pago.php" server="ftp.enthalpy.mx/gumpy/" local="130576867479567874" remote="130578789600000000" Dst="2" />
<file name="s_items_calendario.php" server="ftp.enthalpy.mx/gumpy/" local="130576867601429746" remote="130578789600000000" Dst="2" />
<file name="s_modificar_form.php" server="ftp.enthalpy.mx/gumpy/" local="130576867615739306" remote="130578789600000000" Dst="2" />
<file name="s_nueva_cot.php" server="ftp.enthalpy.mx/gumpy/" local="130576867283966567" remote="130578789600000000" Dst="2" />
<file name="s_pagar.php" server="ftp.enthalpy.mx/gumpy/" local="130576867380161147" remote="130578789600000000" Dst="2" />
<file name="s_pasaraevento.php" server="ftp.enthalpy.mx/gumpy/" local="130576867488744045" remote="130578789600000000" Dst="2" />
<file name="s_proc_compra.php" server="ftp.enthalpy.mx/gumpy/" local="130576867455071432" remote="130578789600000000" Dst="2" />
<file name="s_quitar_art_paq.php" server="ftp.enthalpy.mx/gumpy/" local="130576867648711469" remote="130578789600000000" Dst="2" />
<file name="s_regresar_art.php" server="ftp.enthalpy.mx/gumpy/" local="130576867304670445" remote="130578789600000000" Dst="2" />
<file name="s_revocar_evento.php" server="ftp.enthalpy.mx/gumpy/" local="130576867478246987" remote="130578789600000000" Dst="2" />
<file name="s_salida_inv.php" server="ftp.enthalpy.mx/gumpy/" local="130576867449017364" remote="130578789600000000" Dst="2" />
<file name="s_traer_campos.php" server="ftp.enthalpy.mx/gumpy/" local="130576867672427380" remote="130578789600000000" Dst="2" />
<file name="s_unlogged.php" server="ftp.enthalpy.mx/gumpy/" local="130576867613427758" remote="130578789600000000" Dst="2" />
</dwsync>