<?xml version="1.0" encoding="utf-8" ?>
<dwsync>
<file name="header.php" server="ftp.enthalpy.mx/eventos/" local="130512301774908300" remote="130520103000000000" Dst="2" />
<file name="footer.php" server="ftp.enthalpy.mx/eventos/" local="130492272163732367" remote="130499554200000000" Dst="2" />
<file name="formtipo.php" server="ftp.enthalpy.mx/eventos/" local="130476798618265294" remote="130504542600000000" Dst="2" />
<file name="f_articulos.php" server="ftp.enthalpy.mx/eventos/" local="130524183241932084" remote="130524366000000000" Dst="2" />
<file name="f_areas.php" server="ftp.enthalpy.mx/eventos/" local="130513845426920064" remote="130520103000000000" Dst="2" />
<file name="f_clientes.php" server="ftp.enthalpy.mx/eventos/" local="130518250307588036" remote="130520103000000000" Dst="2" />
<file name="f_familias.php" server="ftp.enthalpy.mx/eventos/" local="130513846548750661" remote="130520103000000000" Dst="2" />
<file name="f_subfamilias.php" server="ftp.enthalpy.mx/eventos/" local="130494883338936190" remote="130504542600000000" Dst="2" />
<file name="f_proveedores.php" server="ftp.enthalpy.mx/eventos/" local="130494157467340620" remote="130504542600000000" Dst="2" />
<file name="f_paquetes.php" server="ftp.enthalpy.mx/eventos/" local="130518236663669617" remote="130520103000000000" Dst="2" />
<file name="f_tipo_eventos.php" server="ftp.enthalpy.mx/eventos/" local="130494835936707532" remote="130504542600000000" Dst="2" />
<file name="f_unidades.php" server="ftp.enthalpy.mx/eventos/" local="130480553992503519" remote="130504542600000000" Dst="2" />
<file name="inset.php" server="ftp.enthalpy.mx/eventos/" local="130480536192629136" remote="130504542600000000" Dst="2" />
<file name="f_clientes.php" server="ftp.leadon.com.mx/eventos/" local="130494156164391069" remote="130494156600000000" Dst="2" />
<file name="f_proveedores.php" server="ftp.leadon.com.mx/eventos/" local="130494157467340620" remote="130494169800000000" Dst="2" />
<file name="f_tipo_eventos.php" server="ftp.leadon.com.mx/eventos/" local="130480962696968887" remote="130494214800000000" Dst="2" />
<file name="header.php" server="ftp.leadon.com.mx/eventos/" local="130492406290996709" remote="130494214800000000" Dst="2" />
<file name="footer.php" server="ftp.leadon.com.mx/eventos/" local="130492272163732367" remote="130494214800000000" Dst="2" />
<file name="f_salones.php" server="ftp.enthalpy.mx/eventos/" local="130498275533289468" remote="130498455600000000" Dst="2" />
<file name="f_bancos.php" server="ftp.enthalpy.mx/eventos/" local="130506244928021672" remote="130520103000000000" Dst="2" />
<file name="f_usuarios.php" server="ftp.enthalpy.mx/gumpy/" local="130577192802064068" remote="130577373000000000" Dst="2" />
<file name="header.php" server="ftp.enthalpy.mx/gumpy/" local="130576867267315394" remote="130577367600000000" Dst="2" />
<file name="footer.php" server="ftp.enthalpy.mx/gumpy/" local="130576867265153935" remote="130577367600000000" Dst="2" />
</dwsync>