<?xml version="1.0" encoding="utf-8" ?>
<dwsync>
<file name="animated-overlay.gif" server="ftp.enthalpy.mx/eventos/" local="130470827735638457" remote="130471959600000000" Dst="2" />
<file name="ui-bg_flat_0_aaaaaa_40x100.png" server="ftp.enthalpy.mx/eventos/" local="130470827735718524" remote="130471959600000000" Dst="2" />
<file name="ui-bg_flat_75_ffffff_40x100.png" server="ftp.enthalpy.mx/eventos/" local="130470827735818576" remote="130471959600000000" Dst="2" />
<file name="ui-bg_glass_55_fbf9ee_1x400.png" server="ftp.enthalpy.mx/eventos/" local="130470827735908647" remote="130471959600000000" Dst="2" />
<file name="ui-bg_glass_65_ffffff_1x400.png" server="ftp.enthalpy.mx/eventos/" local="130470827735998696" remote="130471959600000000" Dst="2" />
<file name="ui-bg_glass_75_dadada_1x400.png" server="ftp.enthalpy.mx/eventos/" local="130470827736078756" remote="130471959600000000" Dst="2" />
<file name="ui-bg_glass_75_e6e6e6_1x400.png" server="ftp.enthalpy.mx/eventos/" local="130470827736178823" remote="130471959600000000" Dst="2" />
<file name="ui-bg_glass_95_fef1ec_1x400.png" server="ftp.enthalpy.mx/eventos/" local="130470827736258869" remote="130471959600000000" Dst="2" />
<file name="ui-bg_layered-circles_75_62A60A_13x13.png" server="ftp.enthalpy.mx/eventos/" local="130470827736338929" remote="130471959600000000" Dst="2" />
<file name="ui-icons_222222_256x240.png" server="ftp.enthalpy.mx/eventos/" local="130470827736649146" remote="130471959600000000" Dst="2" />
<file name="ui-icons_2e83ff_256x240.png" server="ftp.enthalpy.mx/eventos/" local="130470827736769219" remote="130471959600000000" Dst="2" />
<file name="ui-icons_454545_256x240.png" server="ftp.enthalpy.mx/eventos/" local="130470827736949353" remote="130471959600000000" Dst="2" />
<file name="ui-icons_888888_256x240.png" server="ftp.enthalpy.mx/eventos/" local="130470827737119476" remote="130471959600000000" Dst="2" />
<file name="ui-icons_cd0a0a_256x240.png" server="ftp.enthalpy.mx/eventos/" local="130470827738080102" remote="130471959600000000" Dst="2" />
</dwsync>