<?xml version="1.0" encoding="utf-8" ?>
<dwsync>
<file name="almacen.php" server="ftp.enthalpy.mx/eventos/" local="130517289036108028" remote="130517508600000000" Dst="2" />
<file name="bancos.php" server="ftp.enthalpy.mx/eventos/" local="130506285688913864" remote="130506465600000000" Dst="2" />
<file name="compras.php" server="ftp.enthalpy.mx/eventos/" local="130512158143934691" remote="130512377400000000" Dst="2" />
<file name="cotizaciones.php" server="ftp.enthalpy.mx/eventos/" local="130516624038791996" remote="130516803600000000" Dst="2" />
<file name="eventos.php" server="ftp.enthalpy.mx/eventos/" local="130516624319839150" remote="130516804200000000" Dst="2" />
<file name="home.php" server="ftp.enthalpy.mx/eventos/" local="130502074720051852" remote="130502257800000000" Dst="2" />
<file name="index.php" server="ftp.enthalpy.mx/eventos/" local="130492488501968541" remote="130504549200000000" Dst="2" />
<file name="modulos.php" server="ftp.enthalpy.mx/eventos/" local="130518185728210731" remote="130518365400000000" Dst="2" />
<file name="probar.php" server="ftp.enthalpy.mx/eventos/" local="130481807562801705" remote="130481988000000000" Dst="2" />
<file name="cotizaciones.php" server="ftp.leadon.com.mx/eventos/" local="130494210674780167" remote="130494214800000000" Dst="2" />
<file name="almacen.php" server="ftp.enthalpy.mx/gumpy/" local="130577186778793702" remote="130577367600000000" Dst="2" />
<file name="bancos.php" server="ftp.enthalpy.mx/gumpy/" local="130576864317424212" remote="130577367600000000" Dst="2" />
<file name="compras.php" server="ftp.enthalpy.mx/gumpy/" local="130577186938751226" remote="130577367600000000" Dst="2" />
<file name="cotizaciones.php" server="ftp.enthalpy.mx/gumpy/" local="130577187079795961" remote="130577367600000000" Dst="2" />
<file name="eventos.php" server="ftp.enthalpy.mx/gumpy/" local="130577187157297969" remote="130577367600000000" Dst="2" />
<file name="modulos.php" server="ftp.enthalpy.mx/gumpy/" local="130577187250400504" remote="130577367600000000" Dst="2" />
</dwsync>