<?xml version="1.0" encoding="utf-8" ?>
<dwsync>
<file name="blind-effect.html" server="ftp.enthalpy.mx/eventos/" local="130470827703226931" remote="130471959000000000" Dst="2" />
<file name="accordion.html" server="ftp.enthalpy.mx/eventos/" local="130470827701735935" remote="130471959000000000" Dst="2" />
<file name="bounce-effect.html" server="ftp.enthalpy.mx/eventos/" local="130470827703687237" remote="130471959000000000" Dst="2" />
<file name="autocomplete.html" server="ftp.enthalpy.mx/eventos/" local="130470827702016095" remote="130471959000000000" Dst="2" />
<file name="clip-effect.html" server="ftp.enthalpy.mx/eventos/" local="130470827704237572" remote="130471959000000000" Dst="2" />
<file name="button.html" server="ftp.enthalpy.mx/eventos/" local="130470827703977434" remote="130471959000000000" Dst="2" />
<file name="dialog.html" server="ftp.enthalpy.mx/eventos/" local="130470827705228249" remote="130471959000000000" Dst="2" />
<file name="datepicker.html" server="ftp.enthalpy.mx/eventos/" local="130470827704717885" remote="130471959000000000" Dst="2" />
<file name="draggable.html" server="ftp.enthalpy.mx/eventos/" local="130470827705548441" remote="130471959000000000" Dst="2" />
<file name="drop-effect.html" server="ftp.enthalpy.mx/eventos/" local="130470827705628494" remote="130471959000000000" Dst="2" />
<file name="explode-effect.html" server="ftp.enthalpy.mx/eventos/" local="130470827706248941" remote="130471959000000000" Dst="2" />
<file name="droppable.html" server="ftp.enthalpy.mx/eventos/" local="130470827705918691" remote="130471959000000000" Dst="2" />
<file name="fade-effect.html" server="ftp.enthalpy.mx/eventos/" local="130470827707279596" remote="130471959000000000" Dst="2" />
<file name="fold-effect.html" server="ftp.enthalpy.mx/eventos/" local="130470827707609819" remote="130471959000000000" Dst="2" />
<file name="highlight-effect.html" server="ftp.enthalpy.mx/eventos/" local="130470827707799942" remote="130471959000000000" Dst="2" />
<file name="jQuery.widget.bridge.html" server="ftp.enthalpy.mx/eventos/" local="130470827708340336" remote="130471959000000000" Dst="2" />
<file name="jQuery.widget.html" server="ftp.enthalpy.mx/eventos/" local="130470827708740582" remote="130471959000000000" Dst="2" />
<file name="mouse.html" server="ftp.enthalpy.mx/eventos/" local="130470827709220908" remote="130471959000000000" Dst="2" />
<file name="menu.html" server="ftp.enthalpy.mx/eventos/" local="130470827708960715" remote="130471959000000000" Dst="2" />
<file name="position.html" server="ftp.enthalpy.mx/eventos/" local="130470827709401008" remote="130471959000000000" Dst="2" />
<file name="progressbar.html" server="ftp.enthalpy.mx/eventos/" local="130470827709971404" remote="130471959000000000" Dst="2" />
<file name="puff-effect.html" server="ftp.enthalpy.mx/eventos/" local="130470827713613807" remote="130471959000000000" Dst="2" />
<file name="pulsate-effect.html" server="ftp.enthalpy.mx/eventos/" local="130470827714504417" remote="130471959000000000" Dst="2" />
<file name="scale-effect.html" server="ftp.enthalpy.mx/eventos/" local="130470827716575791" remote="130471959000000000" Dst="2" />
<file name="resizable.html" server="ftp.enthalpy.mx/eventos/" local="130470827715825282" remote="130471959000000000" Dst="2" />
<file name="selectable.html" server="ftp.enthalpy.mx/eventos/" local="130470827716805934" remote="130471959000000000" Dst="2" />
<file name="shake-effect.html" server="ftp.enthalpy.mx/eventos/" local="130470827717166194" remote="130471959000000000" Dst="2" />
<file name="size-effect.html" server="ftp.enthalpy.mx/eventos/" local="130470827717376331" remote="130471959000000000" Dst="2" />
<file name="slide-effect.html" server="ftp.enthalpy.mx/eventos/" local="130470827717826606" remote="130471959000000000" Dst="2" />
<file name="transfer-effect.html" server="ftp.enthalpy.mx/eventos/" local="130470827718637156" remote="130471959000000000" Dst="2" />
<file name="sortable.html" server="ftp.enthalpy.mx/eventos/" local="130470827718306933" remote="130471959000000000" Dst="2" />
</dwsync>