<?xml version="1.0" encoding="utf-8" ?>
<dwsync>
<file name="bjqs-1.3.js" server="ftp.enthalpy.mx/eventos/" local="130470827835224718" remote="130471960200000000" Dst="2" />
<file name="fb_login.js" server="ftp.enthalpy.mx/eventos/" local="130470827835384825" remote="130471960200000000" Dst="2" />
<file name="funcion.js" server="ftp.enthalpy.mx/eventos/" local="130470827835474902" remote="130504542600000000" Dst="2" />
<file name="jquery-1.10.2.min.js" server="ftp.enthalpy.mx/eventos/" local="130470827835715082" remote="130471960200000000" Dst="2" />
<file name="jquery.easing.1.3.js" server="ftp.enthalpy.mx/eventos/" local="130470827836535587" remote="130471960200000000" Dst="2" />
<file name="jquery-1.11.0.min.map" server="ftp.enthalpy.mx/eventos/" local="130470827836205398" remote="130471960200000000" Dst="2" />
<file name="jquery.fancybox.js" server="ftp.enthalpy.mx/eventos/" local="130470827836685731" remote="130471960200000000" Dst="2" />
<file name="jquery.mCustomScrollbar.js" server="ftp.enthalpy.mx/eventos/" local="130470827836805777" remote="130471960200000000" Dst="2" />
<file name="jquery-ui-1.10.4.custom.min.js" server="ftp.enthalpy.mx/eventos/" local="130476744360000000" remote="130477116600000000" Dst="2" />
<file name="jquery.mousewheel.js" server="ftp.enthalpy.mx/eventos/" local="130470827836885823" remote="130471960200000000" Dst="2" />
<file name="jquery.numeric.js" server="ftp.enthalpy.mx/eventos/" local="130470827837065943" remote="130471960200000000" Dst="2" />
<file name="general.js" server="ftp.enthalpy.mx/eventos/" local="130517255068225081" remote="130514136600000000" Dst="2" />
<file name="home.js" server="ftp.enthalpy.mx/eventos/" local="130502090253372271" remote="130502270400000000" Dst="2" />
<file name="modulos.js" server="ftp.enthalpy.mx/eventos/" local="130512334019485415" remote="130518365400000000" Dst="2" />
<file name="cotizaciones.js" server="ftp.enthalpy.mx/eventos/" local="130516617434751758" remote="130516797000000000" Dst="2" />
<file name="formularios.js" server="ftp.enthalpy.mx/eventos/" local="130505259372439250" remote="130505590800000000" Dst="2" />
<file name="jquery-ui-timepicker-addon.min.js" server="ftp.enthalpy.mx/eventos/" local="130481076222608445" remote="130481418000000000" Dst="2" />
<file name="paquetes.js" server="ftp.enthalpy.mx/eventos/" local="130480560380226889" remote="130504542600000000" Dst="2" />
<file name="tipo_evento.js" server="ftp.enthalpy.mx/eventos/" local="130480963377795479" remote="130504542600000000" Dst="2" />
<file name="json3.min.js" server="ftp.enthalpy.mx/eventos/" local="130487889982354431" remote="130488070200000000" Dst="2" />
<file name="index.js" server="ftp.enthalpy.mx/eventos/" local="130492416133941060" remote="130504542600000000" Dst="2" />
<file name="formularios.js" server="ftp.leadon.com.mx/eventos/" local="130494195992739367" remote="130494196200000000" Dst="2" />
<file name="cotizaciones.js" server="ftp.leadon.com.mx/eventos/" local="130494214194279368" remote="130494214800000000" Dst="2" />
<file name="almacen.js" server="ftp.enthalpy.mx/eventos/" local="130511303826825801" remote="130511485200000000" Dst="2" />
<file name="general.js" server="ftp.leadon.com.mx/eventos/" local="130495736149873162" remote="130495736400000000" Dst="2" />
<file name="eventos.js" server="ftp.enthalpy.mx/eventos/" local="130506880252001696" remote="130507060200000000" Dst="2" />
<file name="bancos.js" server="ftp.enthalpy.mx/eventos/" local="130506245396104357" remote="130506464400000000" Dst="2" />
<file name="compras.js" server="ftp.enthalpy.mx/eventos/" local="130511514737654563" remote="130511695200000000" Dst="2" />
<file name="salones.js" server="ftp.enthalpy.mx/eventos/" local="130495021364186518" remote="130504542600000000" Dst="2" />
<file name="almacen.js" server="ftp.enthalpy.mx/gumpy/" local="130576867218872829" remote="130577367600000000" Dst="2" />
<file name="formularios.js" server="ftp.enthalpy.mx/gumpy/" local="130576867132755005" remote="130577367600000000" Dst="2" />
<file name="bancos.js" server="ftp.enthalpy.mx/gumpy/" local="130576867233162424" remote="130577367600000000" Dst="2" />
<file name="compras.js" server="ftp.enthalpy.mx/gumpy/" local="130576867225657426" remote="130577367600000000" Dst="2" />
<file name="cotizaciones.js" server="ftp.enthalpy.mx/gumpy/" local="130576867142981872" remote="130577367600000000" Dst="2" />
<file name="eventos.js" server="ftp.enthalpy.mx/gumpy/" local="130576867148105319" remote="130577367600000000" Dst="2" />
<file name="modulos.js" server="ftp.enthalpy.mx/gumpy/" local="130576867156400906" remote="130577367600000000" Dst="2" />
</dwsync>