<?xml version="1.0" encoding="utf-8" ?>
<dwsync>
<file name="AUTHORS.txt" server="ftp.enthalpy.mx/eventos/" local="130470827662870078" remote="130471959000000000" Dst="2" />
<file name="Gruntfile.js" server="ftp.enthalpy.mx/eventos/" local="130470827722279593" remote="130471959000000000" Dst="2" />
<file name="MIT-LICENSE.txt" server="ftp.enthalpy.mx/eventos/" local="130470827722819932" remote="130471959000000000" Dst="2" />
<file name="package.json" server="ftp.enthalpy.mx/eventos/" local="130470827723140145" remote="130471959000000000" Dst="2" />
<file name="README.md" server="ftp.enthalpy.mx/eventos/" local="130470827723230208" remote="130471959000000000" Dst="2" />
<file name="jquery-1.10.2.js" server="ftp.enthalpy.mx/eventos/" local="130470827722729869" remote="130471959600000000" Dst="2" />
<file name="ui.accordion.jquery.json" server="ftp.enthalpy.mx/eventos/" local="130470827795308158" remote="130471959600000000" Dst="2" />
<file name="ui.autocomplete.jquery.json" server="ftp.enthalpy.mx/eventos/" local="130470827795638381" remote="130471959600000000" Dst="2" />
<file name="ui.button.jquery.json" server="ftp.enthalpy.mx/eventos/" local="130470827795778475" remote="130471959600000000" Dst="2" />
<file name="ui.core.jquery.json" server="ftp.enthalpy.mx/eventos/" local="130470827795978608" remote="130471959600000000" Dst="2" />
<file name="ui.datepicker.jquery.json" server="ftp.enthalpy.mx/eventos/" local="130470827796158741" remote="130471959600000000" Dst="2" />
<file name="ui.dialog.jquery.json" server="ftp.enthalpy.mx/eventos/" local="130470827796298821" remote="130471959600000000" Dst="2" />
<file name="ui.draggable.jquery.json" server="ftp.enthalpy.mx/eventos/" local="130470827796388884" remote="130471959600000000" Dst="2" />
<file name="ui.droppable.jquery.json" server="ftp.enthalpy.mx/eventos/" local="130470827796649071" remote="130471959600000000" Dst="2" />
<file name="ui.effect-blind.jquery.json" server="ftp.enthalpy.mx/eventos/" local="130470827796949264" remote="130471959600000000" Dst="2" />
<file name="ui.effect-bounce.jquery.json" server="ftp.enthalpy.mx/eventos/" local="130470827797039307" remote="130471959600000000" Dst="2" />
<file name="ui.effect-clip.jquery.json" server="ftp.enthalpy.mx/eventos/" local="130470827797169403" remote="130471959600000000" Dst="2" />
<file name="ui.effect-drop.jquery.json" server="ftp.enthalpy.mx/eventos/" local="130470827797259460" remote="130471959600000000" Dst="2" />
<file name="ui.effect-explode.jquery.json" server="ftp.enthalpy.mx/eventos/" local="130470827797339506" remote="130471959600000000" Dst="2" />
<file name="ui.effect-fade.jquery.json" server="ftp.enthalpy.mx/eventos/" local="130470827797499620" remote="130471959600000000" Dst="2" />
<file name="ui.effect-fold.jquery.json" server="ftp.enthalpy.mx/eventos/" local="130470827797869863" remote="130471959600000000" Dst="2" />
<file name="ui.effect-highlight.jquery.json" server="ftp.enthalpy.mx/eventos/" local="130470827798380212" remote="130471959600000000" Dst="2" />
<file name="ui.effect-pulsate.jquery.json" server="ftp.enthalpy.mx/eventos/" local="130470827798660392" remote="130471959600000000" Dst="2" />
<file name="ui.effect-scale.jquery.json" server="ftp.enthalpy.mx/eventos/" local="130470827798750448" remote="130471959600000000" Dst="2" />
<file name="ui.effect-shake.jquery.json" server="ftp.enthalpy.mx/eventos/" local="130470827799230768" remote="130471959600000000" Dst="2" />
<file name="ui.effect-slide.jquery.json" server="ftp.enthalpy.mx/eventos/" local="130470827799320859" remote="130471959600000000" Dst="2" />
<file name="ui.effect-transfer.jquery.json" server="ftp.enthalpy.mx/eventos/" local="130470827799430901" remote="130471959600000000" Dst="2" />
<file name="ui.effect.jquery.json" server="ftp.enthalpy.mx/eventos/" local="130470827799861225" remote="130471959600000000" Dst="2" />
<file name="ui.menu.jquery.json" server="ftp.enthalpy.mx/eventos/" local="130470827799951247" remote="130471959600000000" Dst="2" />
<file name="ui.mouse.jquery.json" server="ftp.enthalpy.mx/eventos/" local="130470827800051355" remote="130471959600000000" Dst="2" />
<file name="ui.position.jquery.json" server="ftp.enthalpy.mx/eventos/" local="130470827800391561" remote="130471959600000000" Dst="2" />
<file name="ui.progressbar.jquery.json" server="ftp.enthalpy.mx/eventos/" local="130470827800491607" remote="130471959600000000" Dst="2" />
<file name="ui.resizable.jquery.json" server="ftp.enthalpy.mx/eventos/" local="130470827800581684" remote="130471959600000000" Dst="2" />
<file name="ui.selectable.jquery.json" server="ftp.enthalpy.mx/eventos/" local="130470827800731801" remote="130471959600000000" Dst="2" />
<file name="ui.sortable.jquery.json" server="ftp.enthalpy.mx/eventos/" local="130470827800821830" remote="130471959600000000" Dst="2" />
<file name="ui.widget.jquery.json" server="ftp.enthalpy.mx/eventos/" local="130470827800911927" remote="130471959600000000" Dst="2" />
</dwsync>