<?xml version="1.0" encoding="utf-8" ?>
<dwsync>
<file name="foto.png" server="ftp.enthalpy.mx/eventos/" local="130471533279939021" remote="130499562600000000" Dst="2" />
<file name="loading.gif" server="ftp.enthalpy.mx/eventos/" local="130475843997456968" remote="130499562600000000" Dst="2" />
<file name="load.gif" server="ftp.enthalpy.mx/eventos/" local="130477499052619147" remote="130499562600000000" Dst="2" />
<file name="check.png" server="ftp.enthalpy.mx/eventos/" local="130480338490417863" remote="130499562600000000" Dst="2" />
<file name="cruz.png" server="ftp.enthalpy.mx/eventos/" local="130480177432557306" remote="130499562600000000" Dst="2" />
<file name="mas.png" server="ftp.enthalpy.mx/eventos/" local="130480338349403344" remote="130499562600000000" Dst="2" />
<file name="reset.png" server="ftp.enthalpy.mx/eventos/" local="130489692528179117" remote="130499562600000000" Dst="2" />
<file name="fondo.png" server="ftp.enthalpy.mx/eventos/" local="130492409838284109" remote="130499562600000000" Dst="2" />
<file name="americanet.png" server="ftp.enthalpy.mx/eventos/" local="130492487434705978" remote="130499562600000000" Dst="2" />
<file name="check.png" server="ftp.leadon.com.mx/eventos/" local="130480338490417863" remote="130494214800000000" Dst="2" />
<file name="cruz.png" server="ftp.leadon.com.mx/eventos/" local="130480177432557306" remote="130494214800000000" Dst="2" />
<file name="mas.png" server="ftp.leadon.com.mx/eventos/" local="130480338349403344" remote="130494214800000000" Dst="2" />
<file name="edit.png" server="ftp.enthalpy.mx/eventos/" local="130494914544483104" remote="130499562600000000" Dst="2" />
<file name="enviar.png" server="ftp.enthalpy.mx/eventos/" local="130494973778211004" remote="130499562600000000" Dst="2" />
<file name="lista.png" server="ftp.enthalpy.mx/eventos/" local="130499284247956231" remote="130499562600000000" Dst="2" />
<file name="pdf.png" server="ftp.enthalpy.mx/eventos/" local="130505336528548478" remote="130505591400000000" Dst="2" />
<file name="checkmark.png" server="ftp.enthalpy.mx/eventos/" local="130506314571419338" remote="130507062600000000" Dst="2" />
<file name="check.png" server="ftp.enthalpy.mx/gumpy/" local="130576867089686093" remote="130577367600000000" Dst="2" />
<file name="mas.png" server="ftp.enthalpy.mx/gumpy/" local="130576867079979569" remote="130577367600000000" Dst="2" />
<file name="cruz.png" server="ftp.enthalpy.mx/gumpy/" local="130576867051780635" remote="130577367600000000" Dst="2" />
<file name="loading.gif" server="ftp.enthalpy.mx/gumpy/" local="130576867048978774" remote="130577367600000000" Dst="2" />
</dwsync>